q_sim,chi_eff_sim,chi_eff_90cl
4.782094078518405178e-01,1.427731735438708162e-02,2.868877657178268148e-01
5.373285025181305796e-01,3.598176215110472920e-01,1.767610149554681431e-01
2.882183015131523085e-01,-1.803583683231722024e-01,5.445806352715081289e-01
3.416726038850633196e-01,-3.864695204558557529e-02,3.647607566617477870e-01
3.579725986666130733e-01,5.666489539138924725e-02,3.949195230324323291e-01
9.568228108673185739e-01,-1.682188552650041025e-01,2.512494396031506594e-01
7.236840135229418713e-01,5.017742582245512256e-02,2.619660495844764458e-01
9.809730931991046399e-01,3.867409183676681628e-02,1.978858338242520387e-01
9.303528124317687054e-01,-1.770014082618633633e-01,2.927485851884547019e-01
8.674651943845291813e-01,-2.378140124841980063e-01,1.884346684159221574e-01
4.104826951483706021e-01,1.290171743937544580e-01,2.115859141306479507e-01
2.753839948335214394e-01,-4.057471760588753779e-02,2.640942775828747369e-01
8.717798071783441349e-01,-3.210257000176640341e-02,2.242726040367133411e-01
7.583343361058085819e-01,-1.332642044271064308e-01,3.051545771773485072e-01
9.168793183544023950e-01,3.678063954090403653e-01,5.108548316268785028e-02
3.735358060985297657e-01,-1.092103919250299454e-01,4.746101045152494313e-01
8.204236653813954394e-01,-2.248738466093701260e-01,3.342999825680275094e-01
5.039831929097562391e-01,-4.917633507482508382e-01,5.027239944375019309e-01
2.912496067515966125e-01,1.881794566839028321e-02,3.196216636136759437e-01
3.415584059153022878e-01,1.476316617022857269e-01,2.687846063819714915e-01
6.877753910999958586e-01,7.019406261019464459e-03,2.469527191873732430e-01
7.517853210794173124e-01,2.227429146791708170e-01,1.957736834233713141e-01
9.724780493558405903e-01,-2.705302307830558251e-01,3.985471865752003851e-01
1.025775963886226272e-01,2.172968403673492255e-01,6.293555505828219987e-01
6.090212067532992934e-01,2.686741250487881816e-01,2.049683104891885377e-01
2.575540958436158268e-01,3.592878212887894995e-01,1.692964297459005896e-01
7.667167191931987258e-01,-5.854426484413884080e-02,2.790425591648171832e-01
2.525206999301464195e-01,1.866322583213742836e-01,3.155240793490603490e-01
7.630046110731144582e-01,-2.841197509881329131e-01,3.682749626253465913e-01
1.636618990439421828e-01,-2.846374447928883833e-01,5.112823974906327562e-01
9.089603953130105385e-01,4.609225480339003700e-01,1.866143237575835778e-01
2.287202961759560726e-01,8.706365592376014151e-01,1.152812216038552329e-01
5.807303066542077730e-01,-1.409414834469978617e-01,3.193261607107940048e-01
9.683152040143524486e-01,7.326687327025459273e-02,1.618188511679830577e-01
5.738300961520950150e-01,1.151332780422019766e-02,2.588391440503532426e-01
8.800037044750043114e-01,-3.798821381667258912e-01,3.791413709145062261e-01
9.753397084095382086e-01,-2.179705298543731240e-01,2.618574597406015392e-01
7.645621012830239316e-01,9.095610503277017089e-02,2.009323519681132653e-01
2.477176040989804706e-01,-2.097550588888910106e-01,4.467652409202532149e-01
1.193682997302696058e-01,1.241953146138045395e-02,4.842085488817028383e-01
8.370565009660568823e-01,1.925402416686092244e-01,2.244870697275657689e-01
3.506345016193911923e-01,5.377171489525474080e-01,1.021057268580399247e-01
5.283900792509738098e-01,-8.266034929508563056e-02,3.557015498235754913e-01
9.385366694011353372e-01,-3.101091464108663986e-01,4.123790260859167001e-01
1.890623952723755608e-01,8.614756735322065540e-02,5.117272272641191222e-01
9.867311831994510785e-01,-6.904067415216269543e-02,7.766329612480746269e-02
3.275844901918303909e-01,-4.143453921372936000e-01,4.632575436384312462e-01
2.455879984364893187e-01,-6.106946947951005095e-02,5.104307731914035084e-01
8.432123973791264548e-01,-2.366433293157326201e-01,4.210365122746251298e-01
4.574535927374020483e-01,1.951981763760935740e-01,2.561233049105161586e-01
9.124674219136267306e-01,-3.404165893432786749e-01,4.588895746383607199e-01
4.242846989585731254e-01,4.055918300954798605e-02,2.927662851676953726e-01
3.962309058047570054e-01,1.259481170084921636e-03,2.987996373319466437e-01
1.471134905708968987e-01,5.214226521178415563e-01,1.989839739588178946e-01
3.692841171000550982e-01,-1.589169084419016498e-01,4.783361921451593224e-01
8.250189619512621197e-01,-4.303343473850083090e-01,5.152257348485906885e-01
5.686942032146626858e-01,2.344148102857997462e-01,1.924806280352709398e-01
5.947059733438211371e-01,-2.439805170337631945e-02,2.281154779807181843e-01
5.388922992178131199e-01,7.455709424789185025e-02,2.131031440193954241e-01
5.700479668714983905e-01,-2.560678588412245715e-01,3.773248138975361377e-01
7.345992014628371924e-01,1.942247907049660660e-01,2.239085621644936464e-01
9.448122019963943741e-01,5.663387261289330732e-02,2.290485084026496199e-01
2.427673025312858945e-01,1.038265170857742836e-01,4.184871820701212553e-01
3.119507037193457455e-01,-2.762257238667578108e-01,6.660089793765732180e-01
2.204310025993509448e-01,-8.719338199639853348e-02,4.191643109995678573e-01
9.461889881801586188e-01,1.300027426476263979e-02,2.228566181175370975e-01
8.884758882664071100e-01,6.870830987675092816e-01,9.199789416150272459e-02
9.350460027597261303e-02,4.405545071728227957e-01,1.719065000501092122e-01
2.752733974956657059e-01,6.079254473440331985e-02,3.322311551361917248e-01
8.381425758986289498e-01,2.258639647090134595e-01,1.784714387197568752e-01
6.221352093753019785e-01,-1.435330902811236542e-01,3.666443960678605896e-01
5.294599930616982197e-01,5.621688032835099325e-01,1.052621490962031281e-01
8.817423165009520281e-01,1.162530140150375702e-01,2.133701979633537416e-01
2.358543958239895655e-01,3.862475216913656140e-01,2.513105585847691392e-01
6.471232946586096269e-01,1.823013656904776125e-01,2.932645705848134776e-01
5.345137164816536890e-01,-3.268917317044128107e-02,3.402875468132595116e-01
2.738734979916217505e-01,-1.517630533672999493e-01,4.940855107329586993e-01
2.885861005059351392e-01,6.199032175142157181e-02,3.859265727121693468e-01
4.629505968226708679e-01,1.662050014231789274e-01,2.802499941806878558e-01
6.722960998938423138e-01,4.374968460180020391e-01,1.254847812634882209e-01
2.734003024924497316e-01,3.082778438371066021e-01,1.835526113092502409e-01
3.367594965031267540e-01,2.983898304956798531e-01,2.499344022827914569e-01
3.191385026431147187e-01,2.666891780397270470e-02,3.680091181220498386e-01
1.684174009640628522e-01,5.531779884762162425e-01,9.456740103229899219e-02
8.207896223867674479e-01,2.113232169732377763e-01,2.034327643262230090e-01
3.380793961406522441e-01,3.592540862308420402e-01,2.531098611641500740e-01
6.192132901767579689e-01,5.130484619266663382e-03,2.667728394975635298e-01
7.672564036584552660e-01,3.976505731499688223e-01,1.461234162968844119e-01
3.714061962242871107e-01,6.782410212721702580e-02,3.231527900297083145e-01
2.487425989145327088e-01,1.231575701326581840e-01,3.417199473666256426e-01
5.948135317573758352e-01,-3.246758218728656997e-01,4.231839443627277153e-01
3.429514935644237816e-01,9.352680174768111809e-02,3.201659055355720596e-01
3.275597086540592007e-01,-1.260266476184064011e-01,5.582295804731943756e-01
1.519446001758879006e-01,-2.270978778709178691e-01,4.527008632880996641e-01
9.588877238544809556e-01,1.210417822719519754e-01,1.660983483229950819e-01
7.977633804436412568e-01,6.147258358730822714e-02,2.231803449263468631e-01
2.962387961385748447e-01,1.415378215637971560e-01,2.433114870553151898e-01
3.713303054599346731e-01,2.336403032848639177e-02,3.327688080643013135e-01
1.516405985771984988e-01,-1.120258300384770617e-01,6.313322657706083030e-01
4.682362066405971746e-01,-3.843754692553585928e-02,3.597699300413897960e-01
2.372271012620874586e-01,-4.080185073593444178e-01,5.277538793560090369e-01
5.732971908247785908e-01,-9.266388645897087606e-02,3.056279952968217750e-01
2.220197039240847381e-01,1.365111514784167479e-02,5.514039367026238869e-01
6.432459124478611123e-01,1.197951014985804974e-01,2.665900263826775363e-01
9.357375389282430733e-01,-2.272884353864549623e-01,8.391504970582419620e-02
1.642698956194861282e-01,3.780975374289227142e-01,3.065936731594954279e-01
1.529185019668592160e-01,1.670174323246400028e-01,5.598532624483179010e-01
8.987195583299920632e-01,1.561701245488859302e-01,1.815502941091701183e-01
2.809916992776082534e-01,4.231622907562464508e-01,1.757018006040979019e-01
6.551535211352986776e-01,-3.515926163228915574e-02,3.541234010026929613e-01
5.745858073578952174e-01,1.934970021997590717e-01,7.768772589679084906e-02
5.418963004265376915e-01,-7.888947528579615120e-02,3.238695513778879764e-01
8.408869928427860352e-02,-8.666811366032625696e-02,4.919575075947669185e-01
3.935162027532135287e-01,2.527562561175832334e-01,2.039447385186528294e-01
6.699323242234915821e-01,7.233066454252284026e-03,2.898926783298899634e-01
7.875701072748186871e-01,7.779306104859325111e-02,2.802804224748986495e-01
8.070849083774529475e-01,-8.214848501477842180e-02,3.456903547457801373e-01
7.641009335755966081e-01,-4.023012585499695648e-01,3.565161393571655846e-01
2.176751052171065071e-01,-4.437973913887816590e-01,3.447059287682320838e-01
5.205250886975968383e-01,-2.020857300493682507e-01,4.668736348685075255e-01
3.013271046053187519e-01,-8.801542545036525333e-02,4.867403159584562378e-01
6.051377921970536589e-01,-1.732474351941155621e-01,3.350889930873465206e-01
2.429132072343921089e-01,4.585299814788097450e-01,1.682604212600125604e-01
6.280199141766789062e-01,-2.028956193946154785e-01,4.143392928988337554e-01
9.802279684346279498e-02,3.321832384124297488e-01,5.748625839274721372e-01
3.705383995878535064e-01,5.597779643896945156e-01,1.141184546528401511e-01
3.789198960164069652e-01,1.379986583221357033e-01,2.812513615386426080e-01
6.121603061120826084e-01,-1.875732122763365539e-01,3.634136084087156160e-01
3.319246045240839549e-01,-3.986985596193446529e-02,3.885366553968787051e-01
5.788462849406760258e-01,-2.191549095192202867e-01,4.413568844063727736e-01
7.109767089367350357e-01,-2.686539174462759458e-02,2.623848618072619487e-01
2.849678048916978734e-01,4.054347418419973481e-01,1.389151017795299814e-01
2.844136083987399699e-01,-1.036105864825293960e-01,6.050014565422038304e-01
6.024828942817859190e-01,7.278616002146240938e-01,9.789692539693328754e-02
3.255404943099563519e-01,4.774163978690920684e-01,1.559536689528271403e-01
4.768040112489726479e-01,2.132599278328374537e-01,1.878777976425572427e-01
4.620406138896435144e-01,-5.977857491441390669e-02,3.607158453837603918e-01
9.605413323112412805e-01,9.923844140266097069e-02,2.245629518430297122e-01
1.113480977169034880e-01,1.235427782383180378e-01,7.355892717733467645e-01
4.956913028567070389e-01,2.211025419554055182e-01,1.837696871251892350e-01
2.581988939325176036e-01,7.634391615872174186e-02,4.214274447718501793e-01
4.974557135155937004e-01,-1.036822419415786706e-01,3.526580147365545592e-01
2.442202949987507254e-01,8.483493871096207256e-03,4.688764715218006196e-01
9.126052648489882957e-01,2.836391942711238290e-01,1.542584324764201265e-01
4.151042981506224971e-01,2.066832435467665374e-01,1.565244109558782959e-01
3.205199095784811436e-01,-1.078695389131090615e-01,4.753303679459464082e-01
6.525270932587555750e-01,-5.690092833787414872e-02,2.731103589225619688e-01
6.372766045868916152e-01,3.155616869125718593e-01,1.621351336987437719e-01
9.903524338542899486e-01,3.576556261229544842e-01,1.209096770243788255e-01
8.610107142950315096e-01,-2.999454308519317047e-01,4.177113584364973153e-01
9.624912076484759549e-01,-1.837510104767302033e-01,3.600148204315909428e-01
3.069738031518667865e-01,2.640988921519669130e-01,2.195231818297988802e-01
1.675145981244962057e-01,1.151302724603263938e-01,4.428756407688828611e-01
3.993265000058534575e-01,5.010581647365112135e-01,1.356294695593145971e-01
3.580695895359176095e-01,3.683909991322174560e-01,1.601453462668788186e-01
8.656548945688710139e-01,4.012167919301624086e-01,1.465028745042515901e-01
8.683106794785641069e-01,-5.457728427461796539e-01,3.291538435668002194e-01
4.244503102733643285e-01,1.928064787969280824e-01,2.253012673382390751e-01
2.202915979555929993e-01,1.022043711311395875e-01,4.436913774090545104e-01
4.450192138731443592e-01,6.308885170149597377e-02,3.116076637247823244e-01
6.201262058430910828e-01,2.198039158922913960e-01,1.449654813946572030e-01
4.635422042513520080e-01,-1.421797985630092812e-02,3.240520906042221316e-01
7.659616865449617729e-01,-1.051659292243334598e-01,2.704874005836377382e-01
5.675638970953945650e-01,5.239575690618308162e-02,2.749765837869880269e-01
6.261769864983802725e-01,2.982952687492885224e-01,2.078179479627781656e-01
5.376519014984313394e-01,-2.742061327751256217e-01,5.018240853824120773e-01
7.709770661382742141e-01,-2.206503835564731508e-01,2.495298685737854238e-01
3.089003063094522550e-01,2.704697246760919827e-01,2.085812347763149055e-01
3.635296083243864662e-01,-1.080871940239767903e-02,3.216901221865676175e-01
2.875377069143345010e-01,-5.829271264157331184e-02,4.661194716195694587e-01
8.202810232400539192e-01,-2.440432888773753223e-02,1.353572348000012249e-01
1.488578992742993490e-01,3.847073508379088985e-02,5.232559574520184720e-01
2.061155026945286350e-01,2.813359724851090538e-01,1.979867652962168656e-01
8.281572722071880444e-01,3.846419346962744873e-02,2.130415876949967036e-01
7.690019161601848730e-01,1.870892621437887926e-01,2.273554892536205907e-01
7.126811991366699406e-01,1.422258340150608057e-02,1.914348607907647160e-01
4.790442118337253086e-01,3.708181318906985102e-01,1.765337998801666530e-01
9.064101273981082230e-01,-3.233172302849733337e-01,4.881098438243247073e-01
9.422585045420224237e-01,1.226974373554680364e-01,2.995437717930169441e-01
4.863022007250717982e-01,2.443733555110128297e-01,2.147403626730416959e-01
8.233153583550354426e-01,1.781667908585058968e-01,1.808363920882112563e-01
8.294105633555253210e-01,-2.774321434717326174e-01,3.797541357957983088e-01
6.577286542725333529e-01,-1.815332925463202240e-01,3.226424375953913515e-01
4.658704938925428141e-01,1.987473829583562002e-01,1.843593273226338813e-01
5.427058986817048236e-01,-1.419926875324820092e-01,3.620810150861480947e-01
8.536862090489913957e-01,-1.967541606399634754e-02,2.472574483750092922e-01
9.388506707469899126e-01,1.284437159763622202e-02,2.269963078096641496e-01
5.098308996806584226e-01,4.905335962622938140e-01,3.458549881110023483e-02
5.333039922037150493e-01,4.186426530733855511e-01,1.394262632641766753e-01
4.547695206342465268e-01,-4.348916656229612765e-01,6.733371418081905979e-01
5.760942867725485916e-01,2.727634429488485224e-01,1.756820523814288382e-01
2.265424930540185788e-01,-3.575692923064236611e-02,5.863017933565115580e-01
4.007910085608213935e-01,1.554954410755438332e-01,2.372168284479232170e-01
3.851442986380180789e-01,-5.389800522497439905e-02,3.992659862045547792e-01
2.932571963423327155e-01,5.363053575995035960e-01,9.287720534594146038e-02
2.691577027184705595e-01,1.109789076507806532e-01,3.809680744665555063e-01
3.248420989051608587e-01,-2.977786217190571405e-02,4.271742843687094116e-01
2.382891962347844506e-01,-1.121818136537515581e-01,5.726484648945964206e-01
7.568022178464076655e-01,-1.731066074477174144e-01,3.248983584095966881e-01
2.803429014964607391e-01,7.664060686293983071e-02,3.479964531577853792e-01
3.629101994442634482e-01,-4.627254805971554030e-01,4.615778733019284541e-01
2.358680999930847233e-01,7.309864937349391800e-01,2.276777893082937432e-02
9.875096017732573062e-01,-3.002706812696921967e-01,4.470815142984133628e-01
8.850510150224523143e-01,4.344614678073329683e-01,1.380359353175888981e-01
7.652556910090447806e-01,2.212265787591929656e-01,2.302466504242222656e-01
7.756849830864784856e-01,-3.029256235039660683e-01,3.755916755035129118e-01
9.397677089998848210e-01,-3.500657973912242316e-01,4.597122881759177493e-01
4.299370873175066277e-01,5.882075341297823834e-02,2.957829750829866766e-01
8.331473144178646040e-01,4.799694498444502522e-02,2.201823496374404054e-01
4.892513189702878962e-01,3.438385586733171961e-01,2.068480182373426679e-01
2.602304972977639852e-01,-9.693597772709680593e-02,5.515993863656797336e-01
1.994822973656520115e-01,-1.662614907948732068e-01,6.018565802002704412e-01
5.292325281838263784e-01,-3.479074914208605263e-01,3.129860670145541146e-01
2.795263019764880896e-01,5.301739974049022308e-01,1.166273451282048845e-01
7.013700788741972225e-01,-2.064486143355770409e-01,3.498471735874418842e-01
2.972706065644487583e-01,1.034683999522244546e-01,3.939516998504010714e-01
3.751330010010192617e-01,3.777415668570133223e-01,1.667070506690183085e-01
4.032764953404368025e-01,-1.941157413525772812e-01,4.266439670835722731e-01
1.543311022526517029e-01,-4.783844618602782484e-02,5.767524241385971751e-01
4.182212968028757305e-01,3.880584792479407213e-02,2.859948904656813840e-01
2.425728947850507855e-01,-6.407521149359147739e-01,4.788370967479243512e-01
6.986588261677484368e-01,2.984898062530028096e-01,1.241699621374570683e-01
6.264065979240083237e-01,-3.760049286929449674e-02,3.106184078225122103e-01
6.753438132173050779e-01,3.773022166480830553e-01,1.372560401768641025e-01
9.136325666627304054e-01,-4.009522607314180281e-02,2.681736227251497739e-01
4.485294047561176889e-01,2.075667827412762956e-01,2.834076612999828493e-01
8.526204030407485979e-01,-1.558667802217940553e-02,3.644793171506980900e-01
2.657362984337562350e-01,1.142296901612409495e-02,4.403488647422852953e-01
7.948484050186962468e-01,-1.813968279397313865e-01,2.304539690149010056e-01
5.887963066533856704e-01,2.363238110599407901e-02,3.073238313814582456e-01
4.928532059619410988e-01,5.131156939130511185e-01,1.197077356559990702e-01
2.600013016649178055e-01,-9.909984803530900999e-02,4.798619360539528311e-01
3.163768025537825879e-01,-7.008364384784878005e-03,3.871186040455258937e-01
3.546149939339225954e-01,3.393641702321132936e-01,2.278398965587438985e-01
3.992404061365632528e-01,3.842517986897202587e-01,2.238459993990319641e-01
1.395081031081620848e-01,8.716698829830055173e-02,5.023433843908993168e-01
5.207488978184928730e-01,2.128053691708744477e-01,2.474866035152016308e-01
7.764592075530141191e-01,-7.753260037255692294e-02,2.629963226486459194e-01
5.598926976790098431e-01,1.780108742760329321e-01,1.903711912695271735e-01
9.939856838688128082e-01,2.017591868527506827e-01,2.319402356714132807e-01
1.003347967098052740e-01,1.956674892943309207e-01,7.706410702707069404e-01
2.857414985327416668e-01,-6.463894544309956025e-02,3.501899379671507551e-01
2.123632019342774069e-01,5.959327083968091882e-02,4.905913754837953888e-01
2.114634986414641038e-01,1.046961327394533986e-01,5.180886078813339291e-01
1.170869050192666905e-01,-2.450763134903526375e-01,2.099382306749758009e-01
3.946194004329316996e-01,-3.265268148033981799e-01,4.576149930442647285e-01
5.948744072837921504e-01,-3.665158945443461880e-01,4.842477180123213043e-01
3.597227009544545218e-01,9.086774217012708738e-03,3.305406935019533643e-01
4.195692059338015367e-01,1.700745845594930361e-01,2.315975583806304805e-01
8.847201929958204980e-01,4.331786548762016353e-02,2.901152925268785654e-01
6.920049635609404337e-01,2.838283704322226986e-01,1.858721555078976795e-01
9.815998464331991968e-01,4.820105404761560464e-01,1.344065905578353259e-01
4.674416043175263491e-01,-2.956467698603967159e-02,3.332033605436813817e-01
6.788359084267484578e-01,2.355525771836124715e-01,1.676133292278182974e-01
7.322546094285949936e-01,-3.561015687637780203e-01,4.599694835767892953e-01
3.248891999769467631e-01,7.621238332010782379e-02,2.942326504177784630e-01
9.383639431990290491e-01,-3.374134998585710532e-01,4.139465982264269317e-01
8.652154176149886577e-01,4.900332120627041710e-01,1.000642831453519288e-01
7.856957830493871420e-01,2.545127387580179423e-01,1.962194562944178100e-01
8.939541941528239555e-01,1.195221453791906058e-01,1.778123182052744333e-01
7.652089056540910539e-01,-6.157145671916569585e-02,2.315748175393328445e-01
9.187461501715143974e-01,-1.026347150758977894e-01,2.435059386382559254e-01
2.172409067835574248e-01,-6.280434385029619593e-01,3.432546992185169232e-01
2.588323090444745178e-01,-2.538213029437574320e-01,6.824214222003306407e-01
9.798162373851483364e-01,-1.080401340475845157e-01,2.452898674633591236e-01
9.351580962452720192e-01,-6.837929779571412167e-03,2.182083696133544914e-01
1.969711992635548858e-01,1.060925769089377663e-01,4.778341516937151257e-01
4.408148956460695711e-01,-9.126509201738366994e-02,3.740442558103482806e-01
8.350378210784992206e-01,3.907611102934157588e-01,1.369449251219681529e-01
3.078324996993802021e-01,-1.233419489794080476e-02,4.058439933542381528e-01
6.693826401126690140e-01,2.746167613601858612e-02,2.418769607623321161e-01
3.251956087050986710e-01,-1.495099472108785688e-01,2.989157482390198961e-01
1.639185011747474607e-01,2.826798116093434121e-01,3.869728365751873289e-01
9.602579926163930246e-02,4.284477979962706407e-01,3.468219423880104513e-01
4.837586978424681661e-01,-1.969969904795876026e-01,3.888324602263557583e-01
9.626345027823459688e-01,-5.603894375471244610e-02,2.998277607576942394e-01
3.279323903883113456e-01,-2.519080337204603337e-01,4.201280526522228609e-01
4.335745104932600125e-01,4.644313053492808430e-01,1.710130055479836542e-01
1.486166988557448554e-01,3.965590976368855713e-01,2.797138075091931686e-01
5.733668971645308199e-01,1.443736761813136371e-01,2.924678492124627160e-01
9.516742038518398727e-01,-1.273094283839484586e-01,4.869771962371772789e-01
1.489822965383025832e-01,7.306096300063617821e-02,2.638587124422095975e-01
7.428954844706383565e-01,-3.019140678188269034e-01,3.090855185941718264e-01
9.060194566849294473e-01,-1.320996377810269018e-01,2.214832760875480588e-01
4.873720989730934705e-01,2.340503383802447213e-01,2.543241263213630310e-01
4.380088971225921668e-01,-2.120400518360572497e-03,2.567088729324626395e-01
3.563122910073810989e-01,4.154205278539737090e-01,1.990922165737609717e-01
7.536517815658355657e-01,-1.987128590433949894e-03,2.381452441928432473e-01
8.081094219414455271e-01,1.104623476683646438e-01,1.591232708605803681e-01
6.397684298964038119e-01,5.083790670625655539e-02,2.426454668497463885e-01
1.621731008765544824e-01,1.894135695094056882e-01,4.650033927741484274e-01
7.571971170645617200e-01,-1.332446133369787067e-01,2.641108640406272245e-01
1.008495001487930837e-01,-4.245417760703514842e-01,5.320515676122206106e-01
6.866652263170132109e-01,1.009820370441090603e-01,2.551160896010523094e-01
1.856492964614494812e-01,-1.436596209588571552e-02,6.063217227780071106e-01
5.140202943432800042e-01,3.857557793623050957e-01,1.194559271429974645e-01
9.466127922761629065e-01,-3.228226688001266664e-01,4.225419181921928891e-01
5.678393952093166996e-01,-3.024185928291512893e-01,3.619893044998689913e-01
4.499265937075924704e-01,6.179358342844059465e-02,3.040320336102243504e-01
2.805643032778793455e-01,-2.311789702845156724e-01,5.075457019471285580e-01
5.756020895338408438e-01,6.547877671651434195e-01,7.195875564162557136e-02
4.139223909799072398e-01,1.306698189595725534e-01,2.402815813306123649e-01
1.463060997579704037e-01,2.247690016698186966e-01,4.610053820792036072e-01
6.957345038758413480e-01,-1.867606982501837376e-01,4.478307330749213833e-01
9.418794844202051930e-01,-1.577638342554351369e-01,3.555105064763163236e-01
2.756826023344342569e-01,3.253753063741617879e-01,2.300760564080097659e-01
9.426187353572359484e-01,-7.660888936011306383e-02,3.434136322581534673e-01
3.684576928873891655e-01,-9.293560230503505881e-02,4.510433094382514385e-01
5.786028001776348795e-01,-2.135820815634639769e-01,4.707467162164359342e-01
6.232505031870327894e-01,1.736770824171202654e-01,2.307906749960538795e-01
2.908211992668311430e-01,-1.323643738991175656e-01,6.140634128858147855e-01
6.026173105811633013e-01,-6.081528665818515256e-01,4.650555538348924989e-01
5.541412754656784845e-01,1.126700570459642919e-01,2.750056135581085415e-01
8.544748039046919930e-01,1.535212497838271684e-01,2.284065551337850219e-01
4.582673134901778522e-01,-1.529724309443070696e-01,3.678386039903425164e-01
2.129404978841203389e-01,-2.134566003868409167e-01,5.607177287356086559e-01
3.431022929932896481e-01,4.685642634506737014e-01,1.592693657729604140e-01
9.041454001968745047e-01,7.109982594129518087e-03,2.487375143961852997e-01
2.438677002964015073e-01,7.079827854251913299e-02,3.759818726538881606e-01
5.890914853776267890e-01,3.256349347884912593e-01,1.673034235284907578e-01
1.422088020547145060e-01,-5.562845041973225185e-02,7.488483791516680199e-01
6.712663084016322612e-01,8.936471199890104467e-02,1.834148028483971737e-01
4.715162938310262231e-01,-4.446836466464313964e-01,5.446184996680820678e-01
3.727931951015438505e-01,-1.877882400063026203e-01,6.242172208746725737e-01
2.706117003817036237e-01,-1.929585549928828081e-01,3.518098654058423591e-01
7.742273783483663019e-01,-1.012220394285059250e-01,3.230342702394223831e-01
3.404296057235281503e-01,7.275116540902430984e-01,9.269829332129209121e-02
7.433243581493983454e-01,5.223291268701656387e-01,9.263831762969892969e-02
9.078119012117353837e-01,-8.365627872154114686e-02,3.184138280366067275e-01
3.813752940887994991e-01,4.202575890523071456e-01,1.737042494532100578e-01
6.406521772906230705e-01,-2.362183665836579682e-01,3.414380679515005568e-01
4.432340998097435425e-01,7.461150177765023782e-03,3.033633921193201743e-01
8.498914972603058837e-01,-2.721710829421146796e-02,2.433673905340653087e-01
4.487217001741615197e-01,-2.884335066641273149e-01,4.751818841492501666e-01
5.052984919065206526e-01,3.083854111337670789e-02,2.458811796674083838e-01
9.176836971939001941e-01,-2.726473711881139961e-01,4.123925659247126285e-01
9.303523422268854537e-01,2.909923015602787766e-01,1.662675752536974250e-01
8.479125867464673005e-01,-2.709083843704369610e-01,3.207328523317646285e-01
1.424751990980692995e-01,-7.938119151449223032e-02,5.374689080871145608e-01
1.423131983418395585e-01,-1.720351343810149480e-01,6.597750613694590704e-01
1.248971969061776627e-01,6.068123629183036494e-01,1.791359168562737803e-01
4.401077966521126372e-01,-1.080030469950210986e-01,4.008458915165566960e-01
5.073939091398008694e-01,-4.383988227913032665e-01,5.407137666519588048e-01
7.942500044378570934e-01,-8.904684482466623460e-03,2.063732032361260404e-01
8.168483149919258945e-01,2.393752474775179273e-02,3.013296972224491221e-01
6.986973183698536038e-01,1.637296997662619769e-01,2.464516466737222133e-01
1.369556954271741178e-01,1.348137748498839106e-01,6.217928961678391708e-01
5.715402093030084174e-01,3.813282161891735217e-02,2.224682984597340651e-01
9.614465022488924983e-01,-1.174298562885764119e-01,4.971469412587962988e-02
5.983914202583924258e-01,7.634679756173138321e-01,1.049214869582633103e-01
4.669818004971194592e-01,1.417812704465126923e-02,2.614098633813080053e-01
3.331138044360212880e-01,9.390439824835054849e-02,3.045414866432998857e-01
2.921463024159587918e-01,1.777050079093606301e-03,3.858019905219994827e-01
3.263071044620554639e-01,9.092874603438916292e-02,3.082241031028995493e-01
3.864966138173332455e-01,9.594030073738688685e-03,3.569493826762316635e-01
9.658886982798309262e-01,3.962159802144366583e-01,1.531257790402420493e-01
8.789274014352586040e-01,3.823195634672314769e-02,2.869240738031802462e-01
5.054139894270192057e-01,8.119424567796457159e-02,2.505061749282542216e-01
4.168170896857690821e-01,-1.101870157797509020e-01,3.597373657408077796e-01
9.193859792708007628e-02,4.946167502198376559e-02,3.802655246392659949e-01
5.442079040020195713e-01,-1.861347977659801589e-01,3.555885712989659830e-01
4.675964876414701599e-01,-3.381720014214751324e-01,5.249450844011944728e-01
3.041670113345509296e-01,-1.130845770723900093e-02,4.354214279909883745e-01
6.084584053747154053e-01,9.610195006781561619e-03,2.471559356267604146e-01
7.491518978431290776e-01,-1.317162381911629598e-02,2.503672082798597542e-01
4.968639871975836786e-01,2.752175810280394486e-01,1.478265688884297657e-01
2.806530964167116005e-01,3.152963836297291711e-01,1.997214283345969954e-01
8.993831046161974152e-01,-5.832696944278410039e-02,3.217091857971405844e-01
7.643814288387486000e-01,-1.833830218490375974e-02,2.387019019710805434e-01
5.140506969745749499e-01,2.328018213267659398e-01,2.966852949112052107e-01
5.551639796482459033e-02,-1.554936060566959599e-01,4.138255243482220069e-01
7.870760859566703349e-01,3.993897435015500985e-01,1.240328788106693225e-01
3.948048017162692491e-01,3.596389488252063615e-02,3.356718498710180576e-01
6.891790195502413008e-01,5.938141228902890090e-01,9.250975293505581121e-02
3.824799918418210765e-01,-2.562041673742494474e-01,5.516921497061890722e-01
2.465888945618850414e-01,4.145414545832524222e-01,1.374283319785397084e-01
1.007722965409052207e-01,-7.430141202855600202e-02,6.524011866999925857e-01
4.499735151762708774e-01,-6.638373393290905033e-01,6.941433434667987346e-01
1.207185986106523307e-01,2.164600340629673492e-01,2.293656280222527155e-01
4.577290008098462981e-01,1.543630037366511831e-01,2.282787123052955058e-01
4.711752935917611351e-01,1.139547867195771641e-01,3.320537670192406643e-01
3.407278926527039786e-01,1.562059680437090925e-01,2.454095752275693709e-01
4.029322087632571381e-01,4.602978102643707770e-01,1.145660852690741915e-01
7.584471908867026491e-01,1.258342435457175112e-01,2.206920372357457083e-01
5.343937916821406287e-01,-6.976245654951038766e-01,6.026190247218367047e-01
3.236035044517314163e-01,-3.181849922174829759e-01,5.527467317780135891e-01
1.474383970842841340e-01,-1.638637227972595534e-01,5.919542282441178083e-01
3.280989937528255296e-01,1.458016671162936095e-01,2.740317245968478255e-01
9.733317615020724567e-01,-1.943150749830271362e-01,1.055483451457744914e-02
4.990317123525938037e-01,8.545733400367634680e-02,2.710067174979597926e-01
2.226710056822730488e-01,-2.252968555359140534e-01,5.890031019344049712e-01
5.541399856776232230e-02,7.408523216017232071e-02,2.127272151746763540e-01
1.077063973118268514e-01,6.464867253441419770e-01,6.927529333245219245e-02
4.758161093639613481e-01,-2.107847119770188404e-01,4.594236228113105502e-01
1.987326959243380931e-01,3.071644626481500606e-01,1.811463717315406063e-01
5.292342901898718921e-01,-5.057774579486850469e-02,2.782530331901318377e-01
7.338367270584266189e-01,3.154716490435389709e-01,1.881686297680773834e-01
4.826701904441059177e-01,2.422141871484815301e-01,1.666807511493309246e-01
6.954618874959441754e-01,1.236144081602701394e-01,1.978498835411669488e-01
4.433648130027460499e-01,-2.175521064064976640e-01,3.932845308507780802e-01
5.499675151429047615e-01,2.695070738272761779e-01,1.838865318031993323e-01
8.100095059880342285e-01,2.753219448214560550e-01,1.834830519714743258e-01
9.272270748777985405e-01,1.618192920100785734e-02,1.403822420577742203e-01
1.189753009791406080e-01,-5.535394250496632890e-02,4.217083789908540603e-01
1.002419982420058309e-01,-1.558051621076957938e-01,5.205278722786754741e-01
4.920988998916783763e-01,2.444390471444136126e-01,2.129443286108392286e-01
9.273405174716926602e-01,-1.621432472308238504e-01,3.289811831656188068e-01
4.150788011775632946e-01,-4.479981671654850728e-02,4.356290582413735457e-01
3.304832959780442669e-01,2.142510535371481006e-01,1.107400447507176366e-01
8.406055293425812591e-01,-1.756985122167433189e-01,2.427707856307763090e-01
5.670826877621694129e-01,-5.067624018105176820e-01,5.159964643247803018e-01
3.584271920351822516e-01,3.438464840691035085e-01,1.396251621683355371e-01
5.866924097048960007e-01,-2.322846086050946446e-01,4.092968529640974573e-01
3.688054947432390374e-01,2.034950234574098571e-01,2.789618121018482277e-01
4.875697094109374685e-01,-1.672513185220014520e-01,3.717666363848442512e-01
8.694989219567174077e-01,2.302423222661033053e-01,1.379720192084544217e-01
3.548467982810595833e-01,-1.793935362028583891e-01,5.481150016124404223e-01
4.805837040873179311e-01,4.044793462324286493e-01,1.641929048369430988e-01
7.356946018176547808e-01,5.777707390166558765e-01,8.967763768535053082e-02
7.883330344539012380e-01,8.716869787538622516e-02,1.649986620161767170e-01
6.131122973107768770e-01,1.487507636116724985e-01,2.271184639606083633e-01
1.979147962398445926e-01,2.647592242131370233e-01,3.378099510321496690e-01
3.255855953980075768e-01,1.599476533838002090e-01,2.753060281167473144e-01
1.933878038022016355e-01,-7.504264694505730082e-01,4.241173677752791416e-01
5.282836007079114715e-01,-2.186052171549687229e-01,3.933145132000059885e-01
4.684182923939004817e-01,-5.921569599667429219e-03,2.827324042207683408e-01
3.036331957825539329e-01,-6.074135506158884201e-02,4.416918639812460468e-01
3.397927923720012733e-01,-1.992295978606843099e-01,5.454869704811396991e-01
5.665410274827038517e-01,6.238729513893500472e-02,2.494171711131091262e-01
8.690627870370654096e-01,-3.392708611327659163e-02,2.606837364824398096e-01
5.591587122305304858e-01,-3.349762742268419524e-01,4.466669541860400772e-01
3.188753052054103532e-01,-3.592284698839192519e-02,3.976257837472572665e-01
4.741246078658098995e-01,-2.414153995373171102e-01,4.759401879214311126e-01
5.508753815113150987e-01,-2.034112923236595493e-03,3.207479989144339516e-01
9.879938338684871590e-01,-2.521200043923222389e-01,3.903902159126360627e-01
5.679461130424489079e-01,-2.623740385247253504e-01,1.372114693711483646e-01
3.810226033373705357e-01,2.203510793974278181e-01,2.356077383945420767e-01
5.979684016458834961e-01,2.873563437360355036e-02,2.263703430530474847e-01
5.176150987153326222e-01,-6.033415156311752181e-01,4.701959483694779229e-01
9.200513094221517418e-01,-1.783482019104956628e-01,3.644380049886637440e-01
7.631506931179181663e-01,5.155466541467904618e-01,1.106132051500390845e-01
2.300433979351501346e-01,1.418856568663236228e-01,3.425224336943498704e-01
5.658843051043463968e-01,-2.363845739438085181e-01,4.300616411372422121e-01
6.934477763575251918e-01,3.434104798628829225e-01,1.835470029760971067e-01
7.777868081684174983e-01,3.623535181203651478e-01,1.351914084585227882e-01
5.824384190223269586e-01,9.113696335282932270e-02,2.446062607062636229e-01
5.432968992893076887e-01,2.114261388098743338e-02,2.979756726920275711e-01
3.029763944432825595e-01,4.166914480653330921e-01,2.114334434062297152e-01
3.118009032028895566e-01,6.308078516806901737e-02,3.584536040144505886e-01
3.437307059939606613e-01,4.021304744623695193e-02,3.074160949320591252e-01
1.809700994442033917e-01,5.262857393371251913e-01,1.380061729712697693e-01
3.044493044528779335e-01,2.562529546381719925e-01,2.602891544112743705e-01
3.228733020896504269e-01,-6.394720827282252907e-04,3.790182125118999878e-01
7.802472148311810907e-01,-2.061089697487259453e-01,3.556536801566576589e-01
3.214203971415283689e-01,-3.752578077077772800e-01,6.168064206667902560e-01
6.125048906540442317e-01,1.869635768216346139e-01,2.508360081230109340e-01
6.339814994718935282e-01,4.561617926790932365e-01,1.072013649093464527e-01
4.679015946241691926e-01,3.937338559138561789e-02,1.351144559649021248e-01
4.550318148139672059e-01,-8.857319017621394230e-02,3.752173044657226564e-01
9.373007347907379438e-01,1.509496991616570208e-02,2.453319449232989335e-01
9.654329631555423896e-01,2.092987606529395916e-01,1.823482283746354349e-01
6.629316983331091651e-01,6.904635202748100609e-01,6.967774907212176405e-02
1.765177998486749389e-01,3.038416016773850536e-01,2.987399574237992739e-01
8.541756738973215191e-01,6.972445319826388321e-03,2.774090842858797368e-01
4.169556067248330056e-01,7.451681177395093336e-02,2.749327270642161758e-01
5.220095995917821696e-01,1.602669730212497728e-02,2.763864837404814701e-01
9.725157314476623460e-01,-3.224760369156539630e-01,2.939567619905315565e-01
3.165998953591621090e-01,3.478179420605471972e-02,3.493028224438101681e-01
7.905464789498084510e-01,-3.709686017776894773e-01,3.321669646335668191e-01
7.797140134880069240e-02,7.655757363944594163e-01,5.209744357300083450e-02
7.328550113712860581e-01,6.336105699700984861e-02,2.468989105817856744e-01
3.984336166331940987e-01,8.323437151848155080e-02,3.319757618052042170e-01
7.291717791486393985e-01,9.032233171389743298e-03,2.189816120611193240e-01
5.446450890977869719e-01,2.764430377841660402e-02,2.832741344192294952e-01
6.110397902571821360e-01,2.890296779907877700e-02,2.718155132480669089e-01
5.115052887399422765e-01,-2.804065376136711252e-01,4.556992301609014695e-01
3.220924950302305190e-01,6.194645363516089768e-04,3.789874002656096197e-01
3.398454052611858955e-01,3.616950091501141551e-01,1.966619206983773460e-01
3.767567022767428497e-01,2.700474130178345256e-01,1.900292924032018493e-01
6.268538083970073282e-01,1.823939362837433686e-01,2.444995157703932498e-01
6.989948943483744737e-01,2.043481994716210004e-01,1.800412746513384288e-01
3.133885938945720206e-01,3.267977539399335996e-01,2.290939638566410752e-01
6.946548053826890889e-01,3.539373927911176332e-01,1.518549349711461049e-01
4.056262966121929603e-01,7.750021320749776732e-03,3.498118123268482149e-01
1.174559981744380671e-01,1.274208534632675915e-01,6.467969333688337041e-01
9.941823120687890425e-01,8.781690159728138684e-03,2.053694511616500074e-01
1.382460971012878792e-01,4.017620500410868933e-01,2.774147251362646949e-01
2.593947999120566061e-01,3.232895336184953838e-01,2.586859374798120004e-01
7.167341920716707726e-01,3.392495273246466381e-01,1.858892410056411371e-01
1.641937993484989255e-01,-3.468115728852481650e-01,5.029851620790745104e-01
3.827464938437470376e-01,5.289262165654456949e-01,1.348708682692992267e-01
5.837653387398367144e-01,-1.312542735483859455e-02,2.421320054197615423e-01
7.385004688780988369e-01,1.656005484517278081e-01,1.463626661853150990e-01
5.634535070821161673e-01,1.686287827653185356e-01,2.119413810454595093e-01
6.042737824243049616e-01,1.190360459927778530e-01,3.212941213823329312e-01
2.237447052016238169e-01,-6.517388731206261165e-03,5.684151068018870046e-01
3.066181096324488431e-01,-9.704481456632538250e-03,4.474714389382996038e-01
9.474004073634110235e-01,2.195154738000271166e-01,2.398446754799770653e-01
2.238138066496240253e-01,6.068456487472734251e-01,7.731904624522767389e-02
5.223553064522149514e-01,-1.798107566665599344e-01,4.017640759097168002e-01
